<?xml version="1.0" encoding="UTF-8"?>
<creditcard xmlns:xsi="http://www.w3.org/2001/XMLSchema-instance"
xsi:noNamespaceSchemaLocation="creditcard.xsd">
    <card>
        <cardnumber>12345</cardnumber>
        <fname>Shubham</fname>
        <lname>Chaudhary</lname>
        <address>Nashik</address>
        <limit>3</limit>
        <statement>
            <stateid>1234</stateid>
            <statedate>1999-06-09</statedate>
            <statecharge>
                <cid>shub</cid>
                <camount>90000.01</camount>
                <cdate>2022-03-15</cdate>
                <cbusiness>busy</cbusiness>
            </statecharge>
        </statement>
    </card>
</creditcard>